"State","sex_ratio","goal"
"India","927","935"
"Andaman and Nicobar Islands","957","965"
"Andhra Pradesh","961","969"
"Arunachal Pradesh","964","972"
"Assam","965","973"
"Bihar","942","950"
"Chandigarh","845","875"
"Chhattisgarh","975","983"
"Dadra & Nagar Haveli","979","987"
"Daman & Diu","926","934"
"Delhi","868","875"
"Goa","938","946"
"Gujarat","883","891"
"Haryana","819","850"
"Himachal Pradesh","896","904"
"Jammu and Kashmir","941","949"
"Jharkhand","965","973"
"Karnataka","946","954"
"Kerala","960","968"
"Lakshadweep","959","967"
"Madhya Pradesh","932","940"
"Maharashtra","913","921"
"Manipur","957","965"
"Meghalaya","973","981"
"Mizoram","964","972"
"Nagaland","964","972"
"Orissa","953","961"
"Pondicherry","967","975"
"Punjab","798","850"
"Rajasthan","909","917"
"Sikkim","963","971"
"Tamil Nadu","942","950"
"Tripura","966","974"
"Uttar Pradesh","916","924"
"Uttarakhand","908","916"
